{"cameraMode":{"drawMode":0,"name":"Shaded","section":"Shading Mode"},"sceneLighting":true,"audioPlay":false,"sceneViewState":{"m_AlwaysRefresh":false,"showFog":true,"showSkybox":true,"showFlares":true,"showImageEffects":true,"showParticleSystems":true,"showVisualEffectGraphs":true,"m_FxEnabled":true},"in2DMode":false,"pivot":{"x":8.658354759216309,"y":-2.2407166957855226,"z":-13.654422760009766},"rotation":{"x":0.060322996228933337,"y":0.9078848958015442,"z":-0.1402951180934906,"w":0.39046910405158999},"size":7.279272079467773,"orthographic":false}